user_id,course_id,rating,enrolled,user_idx,course_idx
1,1,4.02,1,0,0
1,3,2.76,1,0,2
1,4,3.2,1,0,3
1,7,2.72,1,0,6
1,12,3.95,1,0,11
1,18,2.75,1,0,17
1,21,1.62,1,0,20
1,24,2.57,1,0,23
1,29,3.33,1,0,28
2,1,2.97,1,1,0
2,3,3.4,1,1,2
2,6,2.98,1,1,5
2,8,3.23,1,1,7
2,9,2.87,1,1,8
2,16,2.08,1,1,15
2,17,2.64,1,1,16
2,23,3.04,1,1,22
2,24,3.06,1,1,23
2,25,3.25,1,1,24
2,26,3.71,1,1,25
2,30,2.15,1,1,29
3,2,2.27,1,2,1
3,3,1.8,1,2,2
3,4,3.21,1,2,3
3,7,2.61,1,2,6
3,8,2.93,1,2,7
3,12,2.74,1,2,11
3,14,3.29,1,2,13
3,17,3.64,1,2,16
3,26,3.69,1,2,25
3,29,3.89,1,2,28
4,8,3.16,1,3,7
4,14,3.35,1,3,13
4,17,3.69,1,3,16
4,18,3.0,1,3,17
4,22,3.34,1,3,21
4,28,2.4,1,3,27
4,29,2.41,1,3,28
4,30,2.41,1,3,29
5,1,2.83,1,4,0
5,4,2.83,1,4,3
5,6,2.26,1,4,5
5,7,2.17,1,4,6
5,9,2.04,1,4,8
5,10,2.99,1,4,9
5,11,3.32,1,4,10
5,12,3.58,1,4,11
5,16,2.67,1,4,15
5,18,2.82,1,4,17
5,26,3.19,1,4,25
6,1,3.12,1,5,0
6,2,3.42,1,5,1
6,3,2.5,1,5,2
6,8,2.82,1,5,7
6,9,2.16,1,5,8
6,11,3.04,1,5,10
6,17,3.41,1,5,16
6,18,2.96,1,5,17
6,19,3.27,1,5,18
6,21,3.4,1,5,20
6,22,1.74,1,5,21
6,24,2.7,1,5,23
6,27,1.69,1,5,26
7,1,3.63,1,6,0
7,4,3.09,1,6,3
7,5,4.79,1,6,4
7,7,4.48,1,6,6
7,8,3.6,1,6,7
7,9,3.41,1,6,8
7,11,3.1,1,6,10
7,15,3.21,1,6,14
7,19,3.74,1,6,18
7,26,2.64,1,6,25
7,29,3.71,1,6,28
8,1,2.94,1,7,0
8,3,2.42,1,7,2
8,4,3.04,1,7,3
8,5,2.62,1,7,4
8,6,2.88,1,7,5
8,8,3.31,1,7,7
8,14,4.26,1,7,13
8,15,3.14,1,7,14
8,19,2.83,1,7,18
8,22,3.44,1,7,21
8,27,2.86,1,7,26
8,30,3.26,1,7,29
9,2,2.36,1,8,1
9,6,2.15,1,8,5
9,7,2.66,1,8,6
9,8,2.88,1,8,7
9,14,2.92,1,8,13
9,15,3.73,1,8,14
9,17,1.39,1,8,16
9,21,2.39,1,8,20
9,23,2.81,1,8,22
9,24,1.56,1,8,23
9,27,3.33,1,8,26
10,4,2.08,1,9,3
10,7,2.09,1,9,6
10,8,1.92,1,9,7
10,10,2.47,1,9,9
10,18,3.15,1,9,17
10,25,2.87,1,9,24
10,27,2.97,1,9,26
11,1,3.39,1,10,0
11,3,3.44,1,10,2
11,4,2.62,1,10,3
11,6,2.69,1,10,5
11,8,3.27,1,10,7
11,10,3.6,1,10,9
11,11,3.79,1,10,10
11,14,1.71,1,10,13
11,18,3.29,1,10,17
11,26,3.27,1,10,25
11,28,1.05,1,10,27
12,2,2.25,1,11,1
12,3,2.78,1,11,2
12,5,2.03,1,11,4
12,7,2.43,1,11,6
12,11,2.34,1,11,10
12,16,1.9,1,11,15
12,19,3.98,1,11,18
12,23,2.78,1,11,22
12,27,2.56,1,11,26
12,28,2.95,1,11,27
13,3,2.33,1,12,2
13,7,2.47,1,12,6
13,10,2.76,1,12,9
13,11,2.34,1,12,10
13,13,4.83,1,12,12
13,15,3.25,1,12,14
13,20,2.77,1,12,19
13,24,3.44,1,12,23
13,25,3.33,1,12,24
13,29,3.04,1,12,28
13,30,2.83,1,12,29
14,1,4.9,1,13,0
14,2,2.78,1,13,1
14,4,3.34,1,13,3
14,5,3.26,1,13,4
14,6,2.44,1,13,5
14,7,3.6,1,13,6
14,12,3.15,1,13,11
14,13,5.0,1,13,12
14,14,3.94,1,13,13
14,18,3.54,1,13,17
14,19,4.34,1,13,18
14,21,2.18,1,13,20
14,22,2.82,1,13,21
14,27,2.9,1,13,26
14,29,2.1,1,13,28
15,3,2.68,1,14,2
15,4,3.78,1,14,3
15,6,2.68,1,14,5
15,12,3.64,1,14,11
15,13,2.84,1,14,12
15,20,2.93,1,14,19
15,24,2.07,1,14,23
15,30,2.7,1,14,29
16,3,3.75,1,15,2
16,4,3.4,1,15,3
16,9,2.8,1,15,8
16,11,3.02,1,15,10
16,15,3.87,1,15,14
16,18,3.64,1,15,17
16,29,2.51,1,15,28
17,6,4.36,1,16,5
17,8,2.3,1,16,7
17,10,3.02,1,16,9
17,12,3.39,1,16,11
17,13,2.75,1,16,12
17,14,2.91,1,16,13
17,18,3.23,1,16,17
17,19,2.71,1,16,18
17,23,2.02,1,16,22
17,24,2.35,1,16,23
17,25,2.46,1,16,24
17,26,3.32,1,16,25
17,28,2.99,1,16,27
17,29,1.56,1,16,28
18,2,2.45,1,17,1
18,3,2.59,1,17,2
18,4,3.64,1,17,3
18,6,2.71,1,17,5
18,10,2.76,1,17,9
18,12,3.43,1,17,11
18,14,4.21,1,17,13
18,19,3.9,1,17,18
18,23,1.34,1,17,22
18,24,2.8,1,17,23
18,25,4.1,1,17,24
19,2,3.19,1,18,1
19,4,3.02,1,18,3
19,8,2.43,1,18,7
19,10,3.16,1,18,9
19,11,4.21,1,18,10
19,13,2.76,1,18,12
19,14,3.1,1,18,13
19,18,3.33,1,18,17
19,19,2.98,1,18,18
19,24,1.96,1,18,23
19,25,2.74,1,18,24
19,28,3.46,1,18,27
19,29,3.03,1,18,28
19,30,2.54,1,18,29
20,1,2.66,1,19,0
20,2,3.15,1,19,1
20,5,3.07,1,19,4
20,9,4.04,1,19,8
20,10,3.71,1,19,9
20,11,3.19,1,19,10
20,12,4.33,1,19,11
20,15,4.27,1,19,14
20,17,3.33,1,19,16
20,23,2.88,1,19,22
20,25,2.8,1,19,24
20,26,2.77,1,19,25
21,3,2.9,1,20,2
21,17,3.51,1,20,16
21,19,3.96,1,20,18
21,20,2.65,1,20,19
21,23,3.1,1,20,22
21,24,3.43,1,20,23
21,28,2.77,1,20,27
22,4,3.49,1,21,3
22,5,3.69,1,21,4
22,12,4.76,1,21,11
22,17,2.19,1,21,16
22,21,2.58,1,21,20
22,22,3.39,1,21,21
22,23,2.94,1,21,22
22,24,2.9,1,21,23
22,25,2.41,1,21,24
22,26,3.19,1,21,25
22,27,3.22,1,21,26
22,29,2.9,1,21,28
23,2,3.26,1,22,1
23,4,3.3,1,22,3
23,12,3.55,1,22,11
23,14,3.67,1,22,13
23,16,2.11,1,22,15
23,17,2.61,1,22,16
23,20,1.64,1,22,19
23,22,2.54,1,22,21
23,23,2.46,1,22,22
23,24,3.22,1,22,23
23,26,3.26,1,22,25
23,28,2.79,1,22,27
24,2,3.07,1,23,1
24,3,3.26,1,23,2
24,5,1.96,1,23,4
24,6,2.31,1,23,5
24,9,3.24,1,23,8
24,12,3.81,1,23,11
24,17,3.93,1,23,16
24,18,3.35,1,23,17
24,19,3.84,1,23,18
24,21,1.81,1,23,20
24,23,2.71,1,23,22
24,24,3.04,1,23,23
24,29,2.12,1,23,28
24,30,3.15,1,23,29
25,3,2.66,1,24,2
25,4,2.61,1,24,3
25,5,2.87,1,24,4
25,6,2.97,1,24,5
25,7,2.6,1,24,6
25,10,2.01,1,24,9
25,13,2.94,1,24,12
25,14,4.15,1,24,13
25,15,3.8,1,24,14
25,22,3.12,1,24,21
26,3,2.31,1,25,2
26,5,2.11,1,25,4
26,8,3.52,1,25,7
26,10,2.46,1,25,9
26,11,2.76,1,25,10
26,13,3.37,1,25,12
26,16,2.53,1,25,15
26,21,2.54,1,25,20
26,22,4.01,1,25,21
26,26,2.49,1,25,25
26,27,2.23,1,25,26
26,30,2.52,1,25,29
27,1,3.99,1,26,0
27,2,2.38,1,26,1
27,4,3.97,1,26,3
27,8,2.93,1,26,7
27,12,3.73,1,26,11
27,15,3.57,1,26,14
27,19,3.9,1,26,18
27,21,2.46,1,26,20
27,23,2.8,1,26,22
27,25,3.66,1,26,24
27,26,2.53,1,26,25
27,27,2.65,1,26,26
27,28,2.26,1,26,27
27,30,2.01,1,26,29
28,1,3.34,1,27,0
28,3,2.29,1,27,2
28,6,1.74,1,27,5
28,7,3.22,1,27,6
28,10,3.63,1,27,9
28,13,2.3,1,27,12
28,14,3.97,1,27,13
28,17,3.53,1,27,16
28,21,2.94,1,27,20
28,23,2.85,1,27,22
28,27,2.8,1,27,26
28,30,1.91,1,27,29
29,3,2.6,1,28,2
29,4,2.63,1,28,3
29,6,2.62,1,28,5
29,8,3.98,1,28,7
29,9,2.19,1,28,8
29,11,2.69,1,28,10
29,15,4.08,1,28,14
29,19,2.65,1,28,18
29,20,2.06,1,28,19
29,25,3.31,1,28,24
29,28,3.31,1,28,27
29,29,3.16,1,28,28
29,30,2.38,1,28,29
30,7,4.34,1,29,6
30,8,4.05,1,29,7
30,21,2.97,1,29,20
30,22,3.22,1,29,21
30,24,2.35,1,29,23
30,25,2.96,1,29,24
30,27,2.52,1,29,26
30,29,2.42,1,29,28
30,30,2.5,1,29,29
31,3,2.86,1,30,2
31,4,3.0,1,30,3
31,5,2.61,1,30,4
31,9,2.72,1,30,8
31,16,1.0,1,30,15
31,18,2.99,1,30,17
31,19,3.26,1,30,18
31,20,2.92,1,30,19
31,21,2.34,1,30,20
31,22,2.9,1,30,21
31,23,1.23,1,30,22
31,27,1.93,1,30,26
31,28,2.52,1,30,27
31,29,3.31,1,30,28
32,5,3.15,1,31,4
32,9,3.63,1,31,8
32,13,3.79,1,31,12
32,14,3.53,1,31,13
32,18,3.1,1,31,17
32,27,1.57,1,31,26
32,29,2.49,1,31,28
32,30,1.49,1,31,29
33,1,3.17,1,32,0
33,5,3.08,1,32,4
33,8,3.17,1,32,7
33,10,2.18,1,32,9
33,13,2.34,1,32,12
33,14,2.61,1,32,13
33,18,2.28,1,32,17
33,19,3.26,1,32,18
33,23,3.42,1,32,22
33,24,2.87,1,32,23
33,27,2.06,1,32,26
34,3,2.83,1,33,2
34,7,3.11,1,33,6
34,8,2.57,1,33,7
34,9,1.8,1,33,8
34,10,1.58,1,33,9
34,12,3.55,1,33,11
34,14,3.36,1,33,13
34,19,3.08,1,33,18
34,21,3.01,1,33,20
34,22,3.78,1,33,21
34,23,3.6,1,33,22
34,24,1.52,1,33,23
34,27,2.95,1,33,26
34,28,2.2,1,33,27
35,2,3.31,1,34,1
35,5,2.48,1,34,4
35,9,3.27,1,34,8
35,10,2.67,1,34,9
35,13,3.37,1,34,12
35,16,2.63,1,34,15
35,20,3.59,1,34,19
35,21,3.6,1,34,20
35,22,3.3,1,34,21
35,24,2.02,1,34,23
35,29,3.36,1,34,28
35,30,2.78,1,34,29
36,3,2.53,1,35,2
36,4,2.75,1,35,3
36,5,3.26,1,35,4
36,6,3.09,1,35,5
36,7,3.41,1,35,6
36,8,3.9,1,35,7
36,9,3.41,1,35,8
36,10,2.49,1,35,9
36,14,3.22,1,35,13
36,15,2.93,1,35,14
36,20,2.94,1,35,19
36,23,3.34,1,35,22
36,25,2.98,1,35,24
36,27,1.72,1,35,26
36,30,2.7,1,35,29
37,1,2.89,1,36,0
37,3,3.76,1,36,2
37,5,2.17,1,36,4
37,7,2.1,1,36,6
37,9,2.97,1,36,8
37,10,3.12,1,36,9
37,13,4.21,1,36,12
37,14,3.95,1,36,13
37,15,3.77,1,36,14
37,17,2.49,1,36,16
37,18,2.94,1,36,17
37,19,2.76,1,36,18
37,23,3.16,1,36,22
37,28,2.87,1,36,27
38,4,2.97,1,37,3
38,5,3.08,1,37,4
38,8,3.02,1,37,7
38,11,3.35,1,37,10
38,13,4.34,1,37,12
38,15,3.2,1,37,14
38,18,3.51,1,37,17
38,20,2.49,1,37,19
38,22,2.55,1,37,21
38,24,2.37,1,37,23
38,26,2.96,1,37,25
38,27,3.2,1,37,26
39,3,2.33,1,38,2
39,10,2.12,1,38,9
39,11,2.77,1,38,10
39,12,2.72,1,38,11
39,14,3.98,1,38,13
39,16,3.22,1,38,15
39,17,2.27,1,38,16
39,28,2.16,1,38,27
40,5,3.24,1,39,4
40,8,3.15,1,39,7
40,15,3.91,1,39,14
40,16,2.83,1,39,15
40,18,3.5,1,39,17
40,22,2.65,1,39,21
40,25,2.37,1,39,24
40,27,2.79,1,39,26
40,28,2.46,1,39,27
40,29,3.48,1,39,28
40,30,2.98,1,39,29
41,1,4.3,1,40,0
41,2,3.35,1,40,1
41,9,2.76,1,40,8
41,12,4.07,1,40,11
41,13,4.25,1,40,12
41,15,4.86,1,40,14
41,23,2.66,1,40,22
41,24,3.58,1,40,23
41,27,2.63,1,40,26
41,30,3.3,1,40,29
42,5,2.85,1,41,4
42,9,3.17,1,41,8
42,10,3.15,1,41,9
42,13,3.11,1,41,12
42,14,3.5,1,41,13
42,21,2.91,1,41,20
42,22,4.14,1,41,21
42,24,1.66,1,41,23
42,25,2.62,1,41,24
42,26,3.2,1,41,25
43,1,3.95,1,42,0
43,3,2.06,1,42,2
43,4,3.45,1,42,3
43,6,3.07,1,42,5
43,10,2.93,1,42,9
43,11,3.84,1,42,10
43,12,3.56,1,42,11
43,18,3.17,1,42,17
43,19,3.26,1,42,18
43,21,2.96,1,42,20
43,24,3.21,1,42,23
43,25,3.65,1,42,24
43,28,1.41,1,42,27
44,4,3.33,1,43,3
44,6,2.66,1,43,5
44,10,3.04,1,43,9
44,13,4.52,1,43,12
44,15,3.33,1,43,14
44,16,2.16,1,43,15
44,17,3.78,1,43,16
44,20,2.47,1,43,19
44,25,2.69,1,43,24
44,28,2.84,1,43,27
45,2,2.39,1,44,1
45,13,2.81,1,44,12
45,14,2.42,1,44,13
45,15,2.99,1,44,14
45,18,2.74,1,44,17
45,21,4.45,1,44,20
45,27,2.3,1,44,26
46,2,3.28,1,45,1
46,7,2.78,1,45,6
46,14,2.65,1,45,13
46,17,3.88,1,45,16
46,21,3.17,1,45,20
46,22,3.24,1,45,21
46,25,2.83,1,45,24
46,28,2.13,1,45,27
46,30,3.3,1,45,29
47,6,2.52,1,46,5
47,9,2.28,1,46,8
47,11,3.13,1,46,10
47,14,3.75,1,46,13
47,15,4.59,1,46,14
47,18,2.8,1,46,17
47,21,3.85,1,46,20
47,24,3.3,1,46,23
48,10,2.14,1,47,9
48,17,2.85,1,47,16
48,18,2.39,1,47,17
48,19,4.64,1,47,18
48,21,2.25,1,47,20
48,27,3.19,1,47,26
49,3,2.41,1,48,2
49,5,2.97,1,48,4
49,6,3.05,1,48,5
49,8,3.05,1,48,7
49,13,3.49,1,48,12
49,15,3.63,1,48,14
49,17,2.57,1,48,16
49,22,3.68,1,48,21
49,26,3.49,1,48,25
50,2,2.35,1,49,1
50,7,2.31,1,49,6
50,9,3.01,1,49,8
50,14,2.48,1,49,13
50,18,3.26,1,49,17
50,19,4.39,1,49,18
50,23,2.57,1,49,22
50,25,2.21,1,49,24
50,26,4.1,1,49,25
50,27,3.93,1,49,26
50,28,2.65,1,49,27
50,30,3.39,1,49,29
51,3,2.21,1,50,2
51,12,3.36,1,50,11
51,14,3.49,1,50,13
51,16,2.02,1,50,15
51,18,3.37,1,50,17
51,19,3.34,1,50,18
51,20,2.97,1,50,19
51,22,3.17,1,50,21
51,24,3.17,1,50,23
51,25,2.35,1,50,24
51,29,2.85,1,50,28
52,1,3.75,1,51,0
52,14,3.51,1,51,13
52,17,2.8,1,51,16
52,19,4.08,1,51,18
52,23,2.74,1,51,22
52,25,2.69,1,51,24
52,30,2.74,1,51,29
53,1,2.25,1,52,0
53,3,3.49,1,52,2
53,4,2.33,1,52,3
53,5,2.47,1,52,4
53,6,2.54,1,52,5
53,9,2.84,1,52,8
53,11,3.96,1,52,10
53,13,1.92,1,52,12
53,17,3.31,1,52,16
53,19,2.49,1,52,18
53,20,2.69,1,52,19
53,24,2.48,1,52,23
53,25,3.52,1,52,24
53,26,2.39,1,52,25
53,30,2.8,1,52,29
54,1,2.66,1,53,0
54,3,3.45,1,53,2
54,5,3.63,1,53,4
54,6,4.3,1,53,5
54,9,1.51,1,53,8
54,10,2.65,1,53,9
54,11,3.02,1,53,10
54,15,3.59,1,53,14
54,17,2.88,1,53,16
54,21,2.7,1,53,20
54,22,2.61,1,53,21
54,24,2.55,1,53,23
54,29,2.76,1,53,28
54,30,2.11,1,53,29
55,1,2.47,1,54,0
55,2,2.99,1,54,1
55,3,2.77,1,54,2
55,6,3.1,1,54,5
55,7,2.95,1,54,6
55,11,4.24,1,54,10
55,13,2.55,1,54,12
55,17,2.78,1,54,16
55,18,2.91,1,54,17
55,25,2.67,1,54,24
55,27,3.75,1,54,26
56,2,3.07,1,55,1
56,3,3.22,1,55,2
56,6,3.22,1,55,5
56,16,2.82,1,55,15
56,20,2.64,1,55,19
56,28,2.42,1,55,27
57,1,3.05,1,56,0
57,7,3.21,1,56,6
57,9,2.87,1,56,8
57,13,3.76,1,56,12
57,18,3.16,1,56,17
57,23,2.76,1,56,22
57,28,3.09,1,56,27
57,29,4.55,1,56,28
58,2,3.46,1,57,1
58,3,3.12,1,57,2
58,4,2.65,1,57,3
58,5,2.82,1,57,4
58,11,4.83,1,57,10
58,14,3.37,1,57,13
58,17,2.3,1,57,16
58,21,2.74,1,57,20
59,3,3.85,1,58,2
59,4,3.29,1,58,3
59,5,3.92,1,58,4
59,10,2.73,1,58,9
59,12,3.91,1,58,11
59,17,4.1,1,58,16
59,18,3.44,1,58,17
59,21,2.84,1,58,20
59,24,2.05,1,58,23
59,30,2.45,1,58,29
60,2,2.73,1,59,1
60,6,3.33,1,59,5
60,7,2.03,1,59,6
60,8,2.97,1,59,7
60,10,2.77,1,59,9
60,12,3.05,1,59,11
60,13,4.73,1,59,12
60,17,3.04,1,59,16
60,18,3.79,1,59,17
60,19,3.75,1,59,18
60,21,3.73,1,59,20
60,22,3.19,1,59,21
60,26,3.66,1,59,25
60,30,2.4,1,59,29
61,3,2.99,1,60,2
61,4,3.76,1,60,3
61,10,3.51,1,60,9
61,14,2.34,1,60,13
61,15,2.62,1,60,14
61,19,4.8,1,60,18
61,30,3.85,1,60,29
62,2,3.75,1,61,1
62,5,2.91,1,61,4
62,8,2.21,1,61,7
62,11,2.92,1,61,10
62,12,3.83,1,61,11
62,13,3.94,1,61,12
62,14,2.71,1,61,13
62,17,3.78,1,61,16
62,22,2.68,1,61,21
62,26,2.01,1,61,25
62,27,2.31,1,61,26
62,28,3.12,1,61,27
62,30,2.22,1,61,29
63,2,2.83,1,62,1
63,3,2.81,1,62,2
63,4,2.56,1,62,3
63,7,2.5,1,62,6
63,12,3.24,1,62,11
63,13,4.47,1,62,12
63,19,4.24,1,62,18
63,22,2.7,1,62,21
63,23,3.3,1,62,22
63,28,2.38,1,62,27
64,3,3.03,1,63,2
64,6,3.19,1,63,5
64,7,3.57,1,63,6
64,12,2.35,1,63,11
64,13,3.56,1,63,12
64,18,2.67,1,63,17
64,19,2.63,1,63,18
64,24,2.11,1,63,23
64,30,2.84,1,63,29
65,4,2.33,1,64,3
65,5,3.64,1,64,4
65,8,2.93,1,64,7
65,10,3.59,1,64,9
65,14,4.16,1,64,13
65,16,1.94,1,64,15
65,17,2.85,1,64,16
65,18,2.72,1,64,17
65,22,2.75,1,64,21
65,28,2.34,1,64,27
66,1,2.57,1,65,0
66,3,2.16,1,65,2
66,4,3.72,1,65,3
66,5,2.44,1,65,4
66,8,4.05,1,65,7
66,11,3.63,1,65,10
66,13,4.17,1,65,12
66,21,2.43,1,65,20
66,22,3.0,1,65,21
66,26,4.4,1,65,25
66,27,2.9,1,65,26
66,28,1.83,1,65,27
66,29,3.6,1,65,28
67,2,3.6,1,66,1
67,8,2.5,1,66,7
67,11,3.42,1,66,10
67,13,2.87,1,66,12
67,16,2.77,1,66,15
67,18,2.85,1,66,17
67,20,3.03,1,66,19
67,23,3.34,1,66,22
67,26,2.34,1,66,25
67,28,3.43,1,66,27
67,29,2.66,1,66,28
68,3,2.71,1,67,2
68,4,2.68,1,67,3
68,7,2.38,1,67,6
68,9,2.13,1,67,8
68,10,2.18,1,67,9
68,11,2.48,1,67,10
68,12,3.28,1,67,11
68,13,4.3,1,67,12
68,14,3.99,1,67,13
68,21,3.08,1,67,20
68,22,2.67,1,67,21
68,30,2.49,1,67,29
69,1,3.48,1,68,0
69,3,2.26,1,68,2
69,5,3.13,1,68,4
69,6,3.05,1,68,5
69,7,3.0,1,68,6
69,9,2.63,1,68,8
69,12,2.64,1,68,11
69,14,3.13,1,68,13
69,16,2.26,1,68,15
69,23,3.35,1,68,22
69,24,2.96,1,68,23
69,29,3.16,1,68,28
69,30,2.12,1,68,29
70,2,3.51,1,69,1
70,3,3.31,1,69,2
70,6,1.79,1,69,5
70,7,3.22,1,69,6
70,11,2.74,1,69,10
70,15,3.47,1,69,14
70,18,3.12,1,69,17
70,19,3.46,1,69,18
70,20,2.45,1,69,19
70,22,3.1,1,69,21
70,23,3.35,1,69,22
70,28,2.96,1,69,27
70,29,3.69,1,69,28
71,4,2.76,1,70,3
71,5,3.69,1,70,4
71,6,3.18,1,70,5
71,8,3.49,1,70,7
71,11,3.78,1,70,10
71,21,2.04,1,70,20
71,25,2.69,1,70,24
71,26,4.03,1,70,25
71,29,2.64,1,70,28
72,2,2.52,1,71,1
72,3,3.38,1,71,2
72,5,2.19,1,71,4
72,12,2.87,1,71,11
72,13,2.27,1,71,12
72,18,3.16,1,71,17
72,19,3.0,1,71,18
72,29,2.51,1,71,28
72,30,2.56,1,71,29
73,2,3.2,1,72,1
73,3,2.63,1,72,2
73,7,3.2,1,72,6
73,9,2.99,1,72,8
73,12,3.5,1,72,11
73,13,2.86,1,72,12
73,14,3.63,1,72,13
73,19,2.78,1,72,18
73,23,2.85,1,72,22
73,25,2.98,1,72,24
73,26,2.32,1,72,25
73,28,2.12,1,72,27
74,3,3.31,1,73,2
74,5,3.32,1,73,4
74,8,1.95,1,73,7
74,9,2.96,1,73,8
74,10,2.13,1,73,9
74,14,2.28,1,73,13
74,16,2.38,1,73,15
74,19,2.43,1,73,18
74,20,3.17,1,73,19
74,22,2.81,1,73,21
74,25,3.45,1,73,24
74,26,3.94,1,73,25
74,28,3.11,1,73,27
74,30,3.03,1,73,29
75,2,3.74,1,74,1
75,3,3.35,1,74,2
75,6,2.44,1,74,5
75,10,2.5,1,74,9
75,14,2.89,1,74,13
75,19,3.71,1,74,18
75,22,1.9,1,74,21
75,26,3.29,1,74,25
75,28,2.36,1,74,27
76,6,3.02,1,75,5
76,9,2.74,1,75,8
76,10,3.05,1,75,9
76,11,3.78,1,75,10
76,12,3.33,1,75,11
76,13,2.43,1,75,12
76,14,3.19,1,75,13
76,18,2.47,1,75,17
76,27,2.06,1,75,26
76,29,2.73,1,75,28
77,4,2.28,1,76,3
77,5,2.89,1,76,4
77,8,2.39,1,76,7
77,9,1.69,1,76,8
77,11,4.93,1,76,10
77,12,3.42,1,76,11
77,13,3.04,1,76,12
77,14,2.62,1,76,13
77,16,2.12,1,76,15
77,25,2.36,1,76,24
77,27,3.91,1,76,26
77,29,3.28,1,76,28
78,1,3.48,1,77,0
78,2,3.79,1,77,1
78,3,2.0,1,77,2
78,5,2.68,1,77,4
78,6,3.34,1,77,5
78,8,2.84,1,77,7
78,9,2.72,1,77,8
78,10,3.12,1,77,9
78,13,2.79,1,77,12
78,14,3.42,1,77,13
78,16,2.51,1,77,15
78,17,3.02,1,77,16
78,18,2.27,1,77,17
78,20,3.38,1,77,19
78,22,2.81,1,77,21
78,24,3.44,1,77,23
78,25,3.51,1,77,24
78,29,2.28,1,77,28
79,3,3.19,1,78,2
79,9,3.36,1,78,8
79,19,2.87,1,78,18
79,20,2.45,1,78,19
79,21,2.94,1,78,20
79,23,2.29,1,78,22
79,27,3.0,1,78,26
80,3,2.85,1,79,2
80,5,2.4,1,79,4
80,8,3.34,1,79,7
80,10,3.08,1,79,9
80,12,3.09,1,79,11
80,21,2.55,1,79,20
80,22,2.43,1,79,21
80,25,1.92,1,79,24
80,26,2.47,1,79,25
80,29,4.05,1,79,28
81,1,2.79,1,80,0
81,2,2.14,1,80,1
81,3,2.88,1,80,2
81,5,3.3,1,80,4
81,6,3.87,1,80,5
81,8,2.6,1,80,7
81,9,2.76,1,80,8
81,10,3.82,1,80,9
81,11,2.66,1,80,10
81,16,1.94,1,80,15
81,18,3.68,1,80,17
81,24,3.25,1,80,23
81,27,4.01,1,80,26
81,28,1.83,1,80,27
82,2,3.37,1,81,1
82,5,3.91,1,81,4
82,6,3.51,1,81,5
82,7,4.62,1,81,6
82,8,2.23,1,81,7
82,9,3.08,1,81,8
82,10,2.5,1,81,9
82,12,4.48,1,81,11
82,15,2.95,1,81,14
82,18,2.66,1,81,17
82,22,3.76,1,81,21
82,26,3.28,1,81,25
83,3,2.67,1,82,2
83,6,1.89,1,82,5
83,9,3.43,1,82,8
83,10,2.35,1,82,9
83,13,4.08,1,82,12
83,15,3.22,1,82,14
83,16,3.06,1,82,15
83,19,3.31,1,82,18
83,20,2.78,1,82,19
83,22,2.56,1,82,21
83,23,3.07,1,82,22
83,26,3.21,1,82,25
84,1,3.02,1,83,0
84,2,2.45,1,83,1
84,3,4.2,1,83,2
84,6,2.8,1,83,5
84,8,2.82,1,83,7
84,9,3.02,1,83,8
84,10,3.22,1,83,9
84,18,2.96,1,83,17
84,25,2.14,1,83,24
84,26,2.64,1,83,25
84,28,3.3,1,83,27
85,4,2.85,1,84,3
85,6,2.62,1,84,5
85,7,2.54,1,84,6
85,11,2.32,1,84,10
85,14,3.17,1,84,13
85,19,2.54,1,84,18
85,24,2.51,1,84,23
85,26,3.08,1,84,25
85,30,1.77,1,84,29
86,2,3.94,1,85,1
86,4,2.45,1,85,3
86,6,2.61,1,85,5
86,14,3.95,1,85,13
86,16,2.08,1,85,15
86,17,3.12,1,85,16
86,24,2.59,1,85,23
86,25,3.04,1,85,24
86,28,2.52,1,85,27
86,29,3.41,1,85,28
87,4,2.42,1,86,3
87,6,3.44,1,86,5
87,7,2.38,1,86,6
87,8,2.91,1,86,7
87,12,4.25,1,86,11
87,13,3.33,1,86,12
87,16,3.09,1,86,15
87,17,2.55,1,86,16
87,18,3.02,1,86,17
87,28,2.57,1,86,27
88,10,2.68,1,87,9
88,11,2.3,1,87,10
88,16,2.37,1,87,15
88,17,2.71,1,87,16
88,18,3.8,1,87,17
88,19,3.3,1,87,18
88,20,3.03,1,87,19
88,29,4.59,1,87,28
89,2,2.89,1,88,1
89,3,2.64,1,88,2
89,5,2.89,1,88,4
89,7,2.3,1,88,6
89,12,3.16,1,88,11
89,13,4.54,1,88,12
89,14,4.84,1,88,13
89,18,1.37,1,88,17
89,19,3.11,1,88,18
89,20,2.91,1,88,19
89,21,2.84,1,88,20
89,22,2.69,1,88,21
89,23,3.61,1,88,22
89,27,3.57,1,88,26
89,28,1.97,1,88,27
89,29,2.08,1,88,28
90,2,2.3,1,89,1
90,5,2.82,1,89,4
90,13,3.44,1,89,12
90,16,2.2,1,89,15
90,18,2.65,1,89,17
90,19,3.09,1,89,18
90,21,3.63,1,89,20
90,26,3.21,1,89,25
91,4,3.01,1,90,3
91,9,2.43,1,90,8
91,13,2.84,1,90,12
91,17,3.31,1,90,16
91,20,2.59,1,90,19
91,21,3.93,1,90,20
91,27,2.32,1,90,26
91,29,2.44,1,90,28
92,1,3.93,1,91,0
92,2,3.2,1,91,1
92,4,3.09,1,91,3
92,7,3.21,1,91,6
92,15,2.82,1,91,14
92,17,2.02,1,91,16
92,19,2.45,1,91,18
92,23,2.5,1,91,22
92,25,2.39,1,91,24
93,2,2.95,1,92,1
93,3,3.08,1,92,2
93,7,2.69,1,92,6
93,11,3.49,1,92,10
93,14,2.66,1,92,13
93,19,3.47,1,92,18
93,25,2.45,1,92,24
93,28,3.13,1,92,27
93,30,2.24,1,92,29
94,2,3.16,1,93,1
94,3,3.37,1,93,2
94,4,2.87,1,93,3
94,11,5.0,1,93,10
94,14,2.7,1,93,13
94,15,3.03,1,93,14
94,18,2.75,1,93,17
94,19,2.24,1,93,18
94,25,2.34,1,93,24
94,26,2.82,1,93,25
95,1,2.73,1,94,0
95,3,3.04,1,94,2
95,8,2.85,1,94,7
95,10,3.07,1,94,9
95,11,2.77,1,94,10
95,17,3.43,1,94,16
95,18,3.17,1,94,17
95,19,3.5,1,94,18
95,21,3.52,1,94,20
95,23,3.34,1,94,22
95,24,3.22,1,94,23
95,25,2.25,1,94,24
96,1,3.81,1,95,0
96,8,3.92,1,95,7
96,11,3.84,1,95,10
96,12,4.21,1,95,11
96,13,4.39,1,95,12
96,16,2.67,1,95,15
96,17,3.5,1,95,16
96,18,2.58,1,95,17
96,19,2.03,1,95,18
96,22,3.1,1,95,21
96,24,3.39,1,95,23
96,25,3.92,1,95,24
96,29,3.59,1,95,28
96,30,3.02,1,95,29
97,1,2.34,1,96,0
97,2,3.11,1,96,1
97,4,2.49,1,96,3
97,8,2.35,1,96,7
97,11,2.37,1,96,10
97,14,3.56,1,96,13
97,22,2.37,1,96,21
97,27,2.75,1,96,26
98,7,2.99,1,97,6
98,14,3.73,1,97,13
98,18,2.83,1,97,17
98,20,2.7,1,97,19
98,25,2.53,1,97,24
98,26,2.99,1,97,25
98,27,1.82,1,97,26
98,28,2.1,1,97,27
99,2,2.81,1,98,1
99,4,2.97,1,98,3
99,5,2.98,1,98,4
99,10,3.49,1,98,9
99,13,3.66,1,98,12
99,14,3.61,1,98,13
99,16,2.85,1,98,15
99,17,2.93,1,98,16
99,18,2.88,1,98,17
99,21,3.66,1,98,20
99,25,3.24,1,98,24
99,26,2.88,1,98,25
99,27,2.48,1,98,26
99,30,1.79,1,98,29
100,1,3.11,1,99,0
100,3,2.97,1,99,2
100,7,3.21,1,99,6
100,8,3.09,1,99,7
100,16,1.9,1,99,15
100,21,2.5,1,99,20
100,27,2.94,1,99,26
100,28,2.33,1,99,27
100,29,2.9,1,99,28
100,30,2.36,1,99,29
101,1,2.68,1,100,0
101,4,3.93,1,100,3
101,7,4.08,1,100,6
101,9,3.5,1,100,8
101,16,1.51,1,100,15
101,17,2.73,1,100,16
101,18,2.55,1,100,17
101,23,3.18,1,100,22
101,24,2.45,1,100,23
101,30,2.11,1,100,29
102,1,3.52,1,101,0
102,4,4.64,1,101,3
102,5,4.17,1,101,4
102,7,2.92,1,101,6
102,8,2.27,1,101,7
102,10,2.3,1,101,9
102,11,2.9,1,101,10
102,12,3.11,1,101,11
102,13,4.07,1,101,12
102,14,3.25,1,101,13
102,16,2.66,1,101,15
102,20,3.49,1,101,19
102,21,3.83,1,101,20
102,29,3.22,1,101,28
103,9,2.98,1,102,8
103,17,3.3,1,102,16
103,18,3.44,1,102,17
103,19,4.25,1,102,18
103,20,2.32,1,102,19
103,21,2.98,1,102,20
103,23,2.7,1,102,22
103,25,3.24,1,102,24
103,29,3.09,1,102,28
104,1,3.86,1,103,0
104,5,2.57,1,103,4
104,9,3.66,1,103,8
104,11,3.51,1,103,10
104,13,2.87,1,103,12
104,14,2.6,1,103,13
104,17,4.41,1,103,16
104,20,1.77,1,103,19
104,23,2.39,1,103,22
104,29,2.56,1,103,28
104,30,2.38,1,103,29
105,5,2.39,1,104,4
105,7,3.3,1,104,6
105,9,3.92,1,104,8
105,11,3.77,1,104,10
105,13,2.7,1,104,12
105,16,2.63,1,104,15
105,20,2.95,1,104,19
106,4,3.33,1,105,3
106,9,2.36,1,105,8
106,14,3.15,1,105,13
106,15,3.02,1,105,14
106,17,2.03,1,105,16
106,18,3.64,1,105,17
106,19,3.96,1,105,18
106,23,1.91,1,105,22
106,24,3.08,1,105,23
106,29,2.3,1,105,28
107,6,2.42,1,106,5
107,19,2.35,1,106,18
107,20,1.76,1,106,19
107,21,3.57,1,106,20
107,23,2.85,1,106,22
107,24,4.11,1,106,23
107,25,3.27,1,106,24
107,29,2.02,1,106,28
107,30,2.58,1,106,29
108,9,2.8,1,107,8
108,11,3.49,1,107,10
108,12,2.38,1,107,11
108,13,3.83,1,107,12
108,14,2.42,1,107,13
108,22,2.53,1,107,21
108,26,3.48,1,107,25
109,1,2.74,1,108,0
109,6,3.72,1,108,5
109,17,2.95,1,108,16
109,20,2.67,1,108,19
109,22,3.42,1,108,21
109,28,2.84,1,108,27
109,29,2.78,1,108,28
110,6,2.41,1,109,5
110,7,3.37,1,109,6
110,9,3.38,1,109,8
110,10,2.96,1,109,9
110,12,3.17,1,109,11
110,13,3.38,1,109,12
110,14,3.21,1,109,13
110,17,2.45,1,109,16
110,19,3.52,1,109,18
110,22,2.23,1,109,21
110,27,3.1,1,109,26
110,28,2.06,1,109,27
110,29,3.18,1,109,28
111,7,3.87,1,110,6
111,8,3.13,1,110,7
111,9,3.94,1,110,8
111,10,3.41,1,110,9
111,16,3.49,1,110,15
111,18,3.33,1,110,17
111,21,2.36,1,110,20
111,26,2.58,1,110,25
111,27,2.89,1,110,26
111,29,2.52,1,110,28
112,2,2.46,1,111,1
112,3,2.79,1,111,2
112,5,3.87,1,111,4
112,6,3.11,1,111,5
112,7,3.69,1,111,6
112,9,3.06,1,111,8
112,10,4.09,1,111,9
112,14,3.51,1,111,13
112,19,2.78,1,111,18
112,20,3.26,1,111,19
112,22,3.07,1,111,21
112,23,3.62,1,111,22
112,29,3.19,1,111,28
113,1,2.89,1,112,0
113,5,2.02,1,112,4
113,7,3.47,1,112,6
113,8,2.87,1,112,7
113,10,1.73,1,112,9
113,13,3.48,1,112,12
113,14,4.1,1,112,13
113,18,3.85,1,112,17
113,19,3.21,1,112,18
113,21,3.98,1,112,20
113,27,2.5,1,112,26
113,29,3.02,1,112,28
114,1,2.96,1,113,0
114,2,3.34,1,113,1
114,3,3.78,1,113,2
114,9,2.54,1,113,8
114,10,3.64,1,113,9
114,11,4.02,1,113,10
114,12,4.08,1,113,11
114,14,3.37,1,113,13
114,15,2.81,1,113,14
114,21,2.01,1,113,20
114,22,2.85,1,113,21
114,28,2.34,1,113,27
114,29,3.78,1,113,28
115,4,2.9,1,114,3
115,7,3.96,1,114,6
115,11,3.15,1,114,10
115,17,2.24,1,114,16
115,24,3.54,1,114,23
115,26,2.55,1,114,25
115,27,2.63,1,114,26
115,29,2.84,1,114,28
115,30,2.82,1,114,29
116,7,3.47,1,115,6
116,9,2.64,1,115,8
116,11,3.43,1,115,10
116,17,3.16,1,115,16
116,25,2.65,1,115,24
117,4,2.29,1,116,3
117,6,2.06,1,116,5
117,8,3.11,1,116,7
117,15,3.3,1,116,14
117,16,3.13,1,116,15
117,17,3.37,1,116,16
117,18,2.91,1,116,17
117,25,2.81,1,116,24
117,28,2.63,1,116,27
117,30,1.96,1,116,29
118,3,2.22,1,117,2
118,4,3.28,1,117,3
118,8,2.24,1,117,7
118,11,2.66,1,117,10
118,14,2.85,1,117,13
118,18,3.07,1,117,17
118,20,3.16,1,117,19
118,24,2.13,1,117,23
118,26,3.3,1,117,25
119,2,3.28,1,118,1
119,4,2.5,1,118,3
119,5,2.92,1,118,4
119,9,3.18,1,118,8
119,10,2.38,1,118,9
119,11,3.99,1,118,10
119,15,2.99,1,118,14
119,17,3.44,1,118,16
119,19,3.2,1,118,18
119,20,3.5,1,118,19
119,21,3.36,1,118,20
119,23,3.1,1,118,22
119,25,3.15,1,118,24
119,26,3.27,1,118,25
120,2,3.46,1,119,1
120,3,3.67,1,119,2
120,5,2.91,1,119,4
120,8,2.71,1,119,7
120,9,1.98,1,119,8
120,11,3.49,1,119,10
120,15,2.7,1,119,14
120,17,1.94,1,119,16
120,20,2.41,1,119,19
120,22,3.7,1,119,21
120,26,2.84,1,119,25
120,27,3.57,1,119,26
120,30,2.42,1,119,29
121,2,3.66,1,120,1
121,3,3.72,1,120,2
121,5,3.71,1,120,4
121,6,3.3,1,120,5
121,10,2.88,1,120,9
121,12,2.98,1,120,11
121,17,3.87,1,120,16
121,20,3.06,1,120,19
121,26,3.59,1,120,25
121,30,2.4,1,120,29
122,2,3.64,1,121,1
122,7,2.82,1,121,6
122,8,2.82,1,121,7
122,10,3.1,1,121,9
122,11,3.9,1,121,10
122,16,3.53,1,121,15
122,22,3.99,1,121,21
122,25,2.98,1,121,24
122,27,2.71,1,121,26
122,28,1.87,1,121,27
123,4,3.72,1,122,3
123,7,3.78,1,122,6
123,11,3.13,1,122,10
123,22,2.45,1,122,21
123,24,2.63,1,122,23
123,27,2.71,1,122,26
124,3,3.77,1,123,2
124,8,2.21,1,123,7
124,13,2.98,1,123,12
124,15,3.06,1,123,14
124,17,2.57,1,123,16
124,18,1.71,1,123,17
124,19,2.86,1,123,18
124,20,2.52,1,123,19
124,22,3.65,1,123,21
124,26,3.49,1,123,25
124,27,2.32,1,123,26
124,28,1.94,1,123,27
124,30,3.03,1,123,29
125,1,2.68,1,124,0
125,9,2.85,1,124,8
125,10,2.27,1,124,9
125,13,3.0,1,124,12
125,15,3.45,1,124,14
125,16,2.47,1,124,15
125,18,3.37,1,124,17
125,22,3.21,1,124,21
125,23,2.66,1,124,22
125,27,1.95,1,124,26
125,28,2.1,1,124,27
125,30,2.61,1,124,29
126,1,2.76,1,125,0
126,4,3.26,1,125,3
126,5,2.57,1,125,4
126,6,2.49,1,125,5
126,10,2.37,1,125,9
126,12,2.79,1,125,11
126,13,3.51,1,125,12
126,21,3.61,1,125,20
126,22,4.42,1,125,21
126,23,2.95,1,125,22
126,25,2.33,1,125,24
127,3,2.17,1,126,2
127,4,3.42,1,126,3
127,6,2.74,1,126,5
127,8,3.43,1,126,7
127,11,2.87,1,126,10
127,14,2.96,1,126,13
127,27,3.25,1,126,26
127,28,2.3,1,126,27
127,29,2.97,1,126,28
128,6,1.88,1,127,5
128,7,2.79,1,127,6
128,8,2.52,1,127,7
128,9,2.99,1,127,8
128,11,4.62,1,127,10
128,12,4.01,1,127,11
128,13,3.78,1,127,12
128,14,3.96,1,127,13
128,19,4.52,1,127,18
128,20,2.72,1,127,19
128,23,2.31,1,127,22
128,24,3.99,1,127,23
128,25,3.44,1,127,24
128,30,2.48,1,127,29
129,1,3.05,1,128,0
129,12,3.94,1,128,11
129,13,2.47,1,128,12
129,14,3.65,1,128,13
129,17,2.7,1,128,16
129,23,3.14,1,128,22
129,24,2.44,1,128,23
129,29,3.02,1,128,28
129,30,2.77,1,128,29
130,7,2.34,1,129,6
130,11,3.33,1,129,10
130,16,2.28,1,129,15
130,17,3.45,1,129,16
130,20,3.24,1,129,19
130,26,4.61,1,129,25
130,28,3.42,1,129,27
130,29,3.3,1,129,28
131,2,3.24,1,130,1
131,3,3.85,1,130,2
131,4,2.53,1,130,3
131,7,3.74,1,130,6
131,9,2.89,1,130,8
131,10,2.48,1,130,9
131,13,3.05,1,130,12
131,18,3.4,1,130,17
131,21,3.71,1,130,20
131,22,2.41,1,130,21
131,23,2.53,1,130,22
131,24,3.4,1,130,23
131,27,3.18,1,130,26
131,28,3.58,1,130,27
131,29,2.76,1,130,28
132,3,2.52,1,131,2
132,6,1.92,1,131,5
132,10,3.04,1,131,9
132,12,4.45,1,131,11
132,14,3.29,1,131,13
132,16,1.4,1,131,15
132,23,2.29,1,131,22
132,24,3.89,1,131,23
132,26,3.75,1,131,25
132,27,2.43,1,131,26
132,29,3.22,1,131,28
133,4,3.38,1,132,3
133,5,3.18,1,132,4
133,9,2.9,1,132,8
133,10,3.15,1,132,9
133,11,3.46,1,132,10
133,16,2.71,1,132,15
133,23,2.62,1,132,22
133,24,3.42,1,132,23
133,28,2.64,1,132,27
134,1,2.78,1,133,0
134,9,2.02,1,133,8
134,10,3.06,1,133,9
134,13,3.95,1,133,12
134,15,3.8,1,133,14
134,16,2.73,1,133,15
134,19,3.1,1,133,18
134,22,2.52,1,133,21
134,25,3.25,1,133,24
134,28,2.71,1,133,27
134,29,3.17,1,133,28
134,30,2.96,1,133,29
135,1,4.09,1,134,0
135,5,2.22,1,134,4
135,7,2.76,1,134,6
135,8,2.46,1,134,7
135,11,3.61,1,134,10
135,12,3.99,1,134,11
135,14,3.78,1,134,13
135,17,3.24,1,134,16
135,19,4.18,1,134,18
135,23,3.34,1,134,22
135,27,2.49,1,134,26
135,28,2.91,1,134,27
136,2,2.92,1,135,1
136,7,2.47,1,135,6
136,8,3.21,1,135,7
136,10,2.09,1,135,9
136,11,3.86,1,135,10
136,13,4.33,1,135,12
136,15,3.77,1,135,14
136,16,2.65,1,135,15
136,18,2.19,1,135,17
136,20,1.75,1,135,19
136,22,2.35,1,135,21
136,23,2.46,1,135,22
136,27,1.98,1,135,26
136,28,2.23,1,135,27
136,29,2.07,1,135,28
136,30,2.63,1,135,29
137,1,3.02,1,136,0
137,3,2.94,1,136,2
137,5,2.28,1,136,4
137,6,2.17,1,136,5
137,12,3.06,1,136,11
137,18,2.04,1,136,17
137,20,2.0,1,136,19
137,22,3.6,1,136,21
137,24,3.42,1,136,23
137,25,3.25,1,136,24
137,27,2.21,1,136,26
138,1,3.77,1,137,0
138,9,2.56,1,137,8
138,12,2.73,1,137,11
138,16,2.84,1,137,15
138,17,3.19,1,137,16
139,5,3.58,1,138,4
139,7,2.82,1,138,6
139,12,2.74,1,138,11
139,13,1.86,1,138,12
139,15,2.86,1,138,14
139,16,2.31,1,138,15
139,17,1.64,1,138,16
139,18,4.05,1,138,17
139,21,3.42,1,138,20
139,22,3.01,1,138,21
139,23,3.09,1,138,22
139,24,2.23,1,138,23
139,27,2.94,1,138,26
139,29,3.18,1,138,28
140,1,4.39,1,139,0
140,7,2.47,1,139,6
140,11,4.1,1,139,10
140,15,2.7,1,139,14
140,20,1.83,1,139,19
140,21,3.12,1,139,20
140,22,2.25,1,139,21
140,27,3.6,1,139,26
140,28,2.36,1,139,27
140,30,2.28,1,139,29
141,1,3.2,1,140,0
141,4,2.27,1,140,3
141,8,3.23,1,140,7
141,10,3.31,1,140,9
141,12,2.53,1,140,11
141,18,1.54,1,140,17
141,19,2.9,1,140,18
141,23,3.69,1,140,22
141,28,2.85,1,140,27
141,29,1.96,1,140,28
141,30,2.74,1,140,29
142,3,2.93,1,141,2
142,5,2.77,1,141,4
142,6,2.31,1,141,5
142,8,2.6,1,141,7
142,9,3.07,1,141,8
142,11,4.52,1,141,10
142,14,3.65,1,141,13
142,16,2.54,1,141,15
142,17,3.54,1,141,16
142,19,4.03,1,141,18
142,22,3.32,1,141,21
142,23,2.62,1,141,22
142,29,3.31,1,141,28
143,4,3.73,1,142,3
143,8,3.02,1,142,7
143,17,2.31,1,142,16
143,23,2.41,1,142,22
143,25,3.12,1,142,24
143,26,3.5,1,142,25
143,29,2.3,1,142,28
144,1,3.61,1,143,0
144,4,2.79,1,143,3
144,5,3.29,1,143,4
144,7,2.57,1,143,6
144,9,2.83,1,143,8
144,10,3.09,1,143,9
144,13,3.62,1,143,12
144,19,3.75,1,143,18
144,20,2.96,1,143,19
144,30,2.45,1,143,29
145,1,3.1,1,144,0
145,2,2.67,1,144,1
145,4,2.43,1,144,3
145,10,3.47,1,144,9
145,14,3.6,1,144,13
145,15,3.29,1,144,14
145,17,3.04,1,144,16
145,30,2.24,1,144,29
146,1,2.23,1,145,0
146,2,2.34,1,145,1
146,3,1.56,1,145,2
146,7,3.14,1,145,6
146,8,3.32,1,145,7
146,10,3.6,1,145,9
146,12,2.61,1,145,11
146,15,2.61,1,145,14
146,18,2.66,1,145,17
146,23,2.63,1,145,22
146,25,3.2,1,145,24
146,27,2.98,1,145,26
146,30,3.04,1,145,29
147,2,2.3,1,146,1
147,6,2.38,1,146,5
147,10,2.18,1,146,9
147,14,4.52,1,146,13
147,16,2.02,1,146,15
147,18,2.57,1,146,17
147,23,2.83,1,146,22
147,24,3.92,1,146,23
147,25,2.78,1,146,24
147,27,2.3,1,146,26
147,28,2.74,1,146,27
147,30,2.33,1,146,29
148,2,3.02,1,147,1
148,3,3.15,1,147,2
148,6,2.1,1,147,5
148,7,2.3,1,147,6
148,8,2.66,1,147,7
148,9,2.44,1,147,8
148,12,3.6,1,147,11
148,14,3.9,1,147,13
148,19,3.39,1,147,18
148,22,2.61,1,147,21
148,23,3.21,1,147,22
148,25,3.32,1,147,24
148,29,2.91,1,147,28
149,4,2.53,1,148,3
149,6,2.25,1,148,5
149,9,3.24,1,148,8
149,11,4.45,1,148,10
149,12,2.44,1,148,11
149,17,2.83,1,148,16
149,19,2.71,1,148,18
149,26,3.12,1,148,25
149,28,1.85,1,148,27
150,2,2.91,1,149,1
150,6,3.25,1,149,5
150,7,3.31,1,149,6
150,9,3.8,1,149,8
150,11,3.98,1,149,10
150,12,3.68,1,149,11
150,14,2.79,1,149,13
150,15,4.74,1,149,14
150,16,2.26,1,149,15
150,17,2.04,1,149,16
150,18,3.02,1,149,17
150,20,2.47,1,149,19
150,21,3.04,1,149,20
150,22,3.19,1,149,21
150,25,3.4,1,149,24
150,28,3.09,1,149,27
150,29,2.39,1,149,28
151,10,4.05,1,150,9
151,11,2.89,1,150,10
151,14,4.52,1,150,13
151,16,2.66,1,150,15
151,17,2.46,1,150,16
151,18,2.67,1,150,17
151,21,2.48,1,150,20
151,24,4.0,1,150,23
151,26,3.31,1,150,25
151,29,3.36,1,150,28
151,30,3.22,1,150,29
152,2,3.54,1,151,1
152,9,2.6,1,151,8
152,11,3.18,1,151,10
152,15,2.96,1,151,14
152,17,2.5,1,151,16
152,18,3.5,1,151,17
152,23,1.95,1,151,22
152,24,2.54,1,151,23
152,26,3.24,1,151,25
153,6,3.09,1,152,5
153,7,2.17,1,152,6
153,11,2.48,1,152,10
153,14,4.2,1,152,13
153,16,2.99,1,152,15
153,17,2.72,1,152,16
153,18,3.61,1,152,17
153,23,2.68,1,152,22
153,24,2.58,1,152,23
154,4,2.24,1,153,3
154,11,3.17,1,153,10
154,15,3.22,1,153,14
154,17,3.41,1,153,16
154,18,3.18,1,153,17
154,21,2.78,1,153,20
154,23,2.89,1,153,22
154,27,3.88,1,153,26
155,1,3.28,1,154,0
155,8,2.71,1,154,7
155,9,2.69,1,154,8
155,16,2.07,1,154,15
155,17,3.54,1,154,16
155,18,2.24,1,154,17
155,20,3.15,1,154,19
155,22,2.67,1,154,21
155,24,3.16,1,154,23
156,2,2.3,1,155,1
156,3,2.52,1,155,2
156,11,3.58,1,155,10
156,12,2.56,1,155,11
156,13,3.1,1,155,12
156,15,3.18,1,155,14
156,17,1.99,1,155,16
156,21,3.25,1,155,20
156,23,2.71,1,155,22
156,26,4.09,1,155,25
156,29,2.47,1,155,28
157,1,4.16,1,156,0
157,3,2.17,1,156,2
157,4,3.03,1,156,3
157,6,1.44,1,156,5
157,7,3.16,1,156,6
157,15,3.73,1,156,14
157,18,2.32,1,156,17
157,25,3.16,1,156,24
157,29,3.6,1,156,28
158,1,3.44,1,157,0
158,7,3.01,1,157,6
158,12,3.72,1,157,11
158,13,3.11,1,157,12
158,14,3.18,1,157,13
158,21,1.99,1,157,20
158,24,3.19,1,157,23
158,27,2.79,1,157,26
158,28,1.67,1,157,27
158,29,4.04,1,157,28
159,2,2.66,1,158,1
159,6,3.69,1,158,5
159,7,2.68,1,158,6
159,12,3.59,1,158,11
159,13,3.32,1,158,12
159,15,4.1,1,158,14
159,17,3.59,1,158,16
159,19,3.39,1,158,18
159,20,3.7,1,158,19
159,22,2.18,1,158,21
159,23,2.78,1,158,22
159,24,2.76,1,158,23
159,25,3.19,1,158,24
160,5,2.81,1,159,4
160,6,2.07,1,159,5
160,9,2.31,1,159,8
160,10,3.15,1,159,9
160,13,3.29,1,159,12
160,20,3.25,1,159,19
160,21,3.14,1,159,20
160,23,3.18,1,159,22
160,24,3.81,1,159,23
160,27,2.13,1,159,26
161,1,4.37,1,160,0
161,2,2.73,1,160,1
161,5,1.43,1,160,4
161,11,4.01,1,160,10
161,17,3.52,1,160,16
161,20,3.05,1,160,19
161,24,3.47,1,160,23
161,25,2.19,1,160,24
161,27,2.36,1,160,26
162,1,2.34,1,161,0
162,2,3.44,1,161,1
162,3,2.73,1,161,2
162,11,2.87,1,161,10
162,16,2.37,1,161,15
162,17,2.81,1,161,16
162,18,2.9,1,161,17
162,21,3.34,1,161,20
162,24,2.63,1,161,23
162,28,2.61,1,161,27
162,29,2.93,1,161,28
163,3,3.63,1,162,2
163,6,2.58,1,162,5
163,7,2.48,1,162,6
163,12,4.3,1,162,11
163,15,3.16,1,162,14
163,17,2.96,1,162,16
163,18,3.75,1,162,17
163,20,3.88,1,162,19
163,21,2.51,1,162,20
163,22,2.35,1,162,21
163,28,1.61,1,162,27
163,29,2.82,1,162,28
163,30,2.35,1,162,29
164,4,2.14,1,163,3
164,6,2.51,1,163,5
164,8,3.31,1,163,7
164,11,3.6,1,163,10
164,12,4.48,1,163,11
164,16,2.73,1,163,15
164,17,3.65,1,163,16
164,18,2.7,1,163,17
164,19,3.66,1,163,18
164,22,1.94,1,163,21
164,26,3.29,1,163,25
164,28,2.26,1,163,27
165,5,3.47,1,164,4
165,7,3.42,1,164,6
165,9,2.81,1,164,8
165,14,2.26,1,164,13
165,16,2.62,1,164,15
165,25,2.48,1,164,24
165,28,2.08,1,164,27
165,30,2.48,1,164,29
166,8,2.72,1,165,7
166,13,3.05,1,165,12
166,17,3.03,1,165,16
166,20,3.06,1,165,19
166,23,3.03,1,165,22
166,24,2.66,1,165,23
167,5,2.87,1,166,4
167,7,3.35,1,166,6
167,8,3.18,1,166,7
167,10,4.0,1,166,9
167,11,3.32,1,166,10
167,12,3.27,1,166,11
167,13,3.3,1,166,12
167,17,3.4,1,166,16
167,22,2.59,1,166,21
167,23,2.5,1,166,22
168,4,3.46,1,167,3
168,5,1.35,1,167,4
168,9,2.7,1,167,8
168,16,2.59,1,167,15
168,20,3.39,1,167,19
168,22,2.8,1,167,21
168,24,3.32,1,167,23
168,28,2.59,1,167,27
168,29,2.55,1,167,28
169,3,2.68,1,168,2
169,4,3.09,1,168,3
169,7,3.24,1,168,6
169,8,3.29,1,168,7
169,9,3.55,1,168,8
169,10,2.85,1,168,9
169,14,2.59,1,168,13
169,15,4.67,1,168,14
169,17,3.22,1,168,16
169,21,2.45,1,168,20
169,27,2.9,1,168,26
169,30,2.34,1,168,29
170,2,4.63,1,169,1
170,8,3.18,1,169,7
170,18,3.07,1,169,17
170,22,2.82,1,169,21
170,23,2.34,1,169,22
170,26,3.54,1,169,25
170,29,1.99,1,169,28
171,2,2.52,1,170,1
171,3,2.33,1,170,2
171,5,3.47,1,170,4
171,12,2.56,1,170,11
171,22,3.14,1,170,21
171,24,2.37,1,170,23
171,28,2.76,1,170,27
172,3,2.84,1,171,2
172,4,2.68,1,171,3
172,6,2.23,1,171,5
172,8,2.59,1,171,7
172,9,2.59,1,171,8
172,19,3.55,1,171,18
172,20,2.81,1,171,19
172,23,2.38,1,171,22
172,26,2.43,1,171,25
172,27,2.81,1,171,26
172,29,2.44,1,171,28
173,1,2.9,1,172,0
173,7,2.59,1,172,6
173,10,2.61,1,172,9
173,24,2.2,1,172,23
173,25,2.68,1,172,24
173,27,2.44,1,172,26
173,30,3.44,1,172,29
174,2,3.19,1,173,1
174,6,3.81,1,173,5
174,11,3.52,1,173,10
174,16,2.67,1,173,15
174,18,4.41,1,173,17
174,20,3.39,1,173,19
174,21,2.18,1,173,20
174,22,2.85,1,173,21
174,24,2.74,1,173,23
174,28,2.44,1,173,27
175,1,4.02,1,174,0
175,3,2.41,1,174,2
175,4,2.69,1,174,3
175,9,1.62,1,174,8
175,10,2.18,1,174,9
175,13,2.77,1,174,12
175,15,3.55,1,174,14
175,19,3.7,1,174,18
175,20,4.76,1,174,19
175,21,3.61,1,174,20
175,23,4.55,1,174,22
175,24,2.78,1,174,23
175,25,3.1,1,174,24
176,1,3.51,1,175,0
176,3,3.28,1,175,2
176,4,4.81,1,175,3
176,8,2.34,1,175,7
176,9,1.05,1,175,8
176,10,3.24,1,175,9
176,11,3.32,1,175,10
176,15,2.33,1,175,14
176,16,2.54,1,175,15
176,18,3.99,1,175,17
176,20,3.32,1,175,19
176,26,4.19,1,175,25
176,27,4.16,1,175,26
176,29,3.6,1,175,28
177,1,3.87,1,176,0
177,12,3.32,1,176,11
177,13,3.92,1,176,12
177,15,4.33,1,176,14
177,16,2.51,1,176,15
177,19,3.42,1,176,18
177,23,3.97,1,176,22
177,24,3.16,1,176,23
177,25,2.36,1,176,24
178,7,2.95,1,177,6
178,11,2.17,1,177,10
178,13,3.46,1,177,12
178,14,3.55,1,177,13
178,15,3.21,1,177,14
178,19,2.8,1,177,18
178,20,3.26,1,177,19
178,28,2.79,1,177,27
179,3,2.76,1,178,2
179,4,3.48,1,178,3
179,11,3.22,1,178,10
179,12,3.05,1,178,11
179,13,3.41,1,178,12
179,14,3.64,1,178,13
179,21,2.75,1,178,20
179,23,2.6,1,178,22
179,30,3.09,1,178,29
180,3,3.0,1,179,2
180,7,3.12,1,179,6
180,11,2.76,1,179,10
180,13,3.24,1,179,12
180,14,3.68,1,179,13
180,16,2.76,1,179,15
180,23,2.7,1,179,22
180,25,3.73,1,179,24
180,29,3.26,1,179,28
181,1,2.28,1,180,0
181,4,2.54,1,180,3
181,10,2.23,1,180,9
181,13,3.29,1,180,12
181,17,2.58,1,180,16
181,21,2.72,1,180,20
181,22,3.28,1,180,21
181,25,3.21,1,180,24
181,27,3.31,1,180,26
181,28,1.53,1,180,27
181,29,3.69,1,180,28
182,3,3.2,1,181,2
182,5,2.63,1,181,4
182,8,2.59,1,181,7
182,12,3.58,1,181,11
182,14,3.54,1,181,13
182,18,2.84,1,181,17
182,20,2.63,1,181,19
182,22,3.25,1,181,21
182,23,2.81,1,181,22
182,26,4.35,1,181,25
183,7,3.13,1,182,6
183,10,3.02,1,182,9
183,12,3.56,1,182,11
183,13,3.48,1,182,12
183,15,3.63,1,182,14
183,16,2.6,1,182,15
183,21,2.83,1,182,20
183,27,2.25,1,182,26
183,29,3.18,1,182,28
183,30,2.65,1,182,29
184,2,2.67,1,183,1
184,7,2.33,1,183,6
184,9,1.81,1,183,8
184,10,3.13,1,183,9
184,13,2.45,1,183,12
184,15,2.75,1,183,14
184,18,1.84,1,183,17
184,24,2.44,1,183,23
184,25,2.79,1,183,24
184,26,3.83,1,183,25
184,28,1.89,1,183,27
184,29,3.71,1,183,28
185,1,3.27,1,184,0
185,5,3.65,1,184,4
185,8,3.09,1,184,7
185,10,3.13,1,184,9
185,12,3.15,1,184,11
185,13,4.03,1,184,12
185,16,2.77,1,184,15
185,17,2.67,1,184,16
185,18,3.92,1,184,17
185,19,3.76,1,184,18
185,22,2.28,1,184,21
185,24,2.79,1,184,23
185,25,3.14,1,184,24
185,28,2.66,1,184,27
185,29,2.65,1,184,28
185,30,2.68,1,184,29
186,1,3.69,1,185,0
186,2,2.96,1,185,1
186,3,1.8,1,185,2
186,5,4.19,1,185,4
186,8,3.06,1,185,7
186,12,2.91,1,185,11
186,16,2.5,1,185,15
186,19,4.25,1,185,18
186,20,3.48,1,185,19
186,21,2.96,1,185,20
186,24,2.81,1,185,23
186,25,2.55,1,185,24
186,27,3.99,1,185,26
186,28,2.88,1,185,27
186,30,2.64,1,185,29
187,2,3.93,1,186,1
187,3,3.74,1,186,2
187,4,2.18,1,186,3
187,5,2.37,1,186,4
187,7,2.82,1,186,6
187,14,2.91,1,186,13
187,16,2.5,1,186,15
187,19,2.96,1,186,18
187,21,2.94,1,186,20
187,23,2.81,1,186,22
187,24,2.3,1,186,23
187,28,1.88,1,186,27
188,1,4.19,1,187,0
188,3,2.69,1,187,2
188,7,2.74,1,187,6
188,10,3.76,1,187,9
188,11,3.32,1,187,10
188,15,4.21,1,187,14
188,19,3.82,1,187,18
188,23,2.6,1,187,22
188,30,3.46,1,187,29
189,5,2.43,1,188,4
189,11,2.35,1,188,10
189,17,2.61,1,188,16
189,18,2.43,1,188,17
189,22,3.45,1,188,21
189,23,3.57,1,188,22
189,24,1.85,1,188,23
189,28,2.74,1,188,27
190,5,2.9,1,189,4
190,8,2.39,1,189,7
190,10,2.99,1,189,9
190,11,3.19,1,189,10
190,12,3.19,1,189,11
190,28,2.3,1,189,27
190,29,3.02,1,189,28
191,4,3.73,1,190,3
191,7,3.81,1,190,6
191,8,1.84,1,190,7
191,15,4.01,1,190,14
191,19,3.4,1,190,18
191,20,1.35,1,190,19
191,24,2.81,1,190,23
192,3,2.37,1,191,2
192,4,2.82,1,191,3
192,5,2.42,1,191,4
192,6,3.1,1,191,5
192,15,3.71,1,191,14
192,16,2.58,1,191,15
192,24,2.67,1,191,23
193,2,3.35,1,192,1
193,3,3.11,1,192,2
193,8,3.01,1,192,7
193,9,3.25,1,192,8
193,10,3.26,1,192,9
193,16,2.91,1,192,15
193,18,2.6,1,192,17
193,20,3.3,1,192,19
193,23,2.89,1,192,22
193,24,2.42,1,192,23
193,27,3.51,1,192,26
194,4,3.55,1,193,3
194,7,2.26,1,193,6
194,19,4.37,1,193,18
194,25,2.05,1,193,24
194,29,3.4,1,193,28
194,30,2.74,1,193,29
195,4,3.14,1,194,3
195,6,3.83,1,194,5
195,8,3.14,1,194,7
195,9,2.44,1,194,8
195,11,2.9,1,194,10
195,12,3.35,1,194,11
195,14,3.62,1,194,13
195,15,4.07,1,194,14
195,21,2.79,1,194,20
195,22,1.72,1,194,21
195,24,2.32,1,194,23
196,5,2.87,1,195,4
196,10,3.12,1,195,9
196,11,3.43,1,195,10
196,14,4.61,1,195,13
196,18,2.44,1,195,17
196,22,2.88,1,195,21
196,27,3.15,1,195,26
196,30,2.85,1,195,29
197,4,3.62,1,196,3
197,5,2.92,1,196,4
197,9,3.81,1,196,8
197,16,2.56,1,196,15
197,18,2.18,1,196,17
197,19,3.82,1,196,18
197,24,1.98,1,196,23
197,29,2.78,1,196,28
198,2,2.73,1,197,1
198,3,3.05,1,197,2
198,6,3.05,1,197,5
198,7,3.21,1,197,6
198,13,3.58,1,197,12
198,15,3.87,1,197,14
198,18,2.65,1,197,17
198,21,4.65,1,197,20
198,25,3.65,1,197,24
198,27,2.55,1,197,26
198,29,4.04,1,197,28
199,2,2.62,1,198,1
199,6,3.42,1,198,5
199,7,2.91,1,198,6
199,9,3.35,1,198,8
199,17,3.08,1,198,16
199,25,3.18,1,198,24
200,1,3.05,1,199,0
200,2,2.04,1,199,1
200,8,3.0,1,199,7
200,9,3.25,1,199,8
200,13,2.98,1,199,12
200,16,2.4,1,199,15
200,17,2.82,1,199,16
200,18,3.66,1,199,17
200,21,3.22,1,199,20
200,22,3.13,1,199,21
200,30,2.78,1,199,29
